no,date,open,high,low,close,volume,value,frequency 
1,2023-12-08,1670,1680,1620,1645,21423900,35086361500,3723
2,2023-12-07,1700,1725,1650,1670,28217700,47217851500,4355
3,2023-12-06,1680,1735,1675,1700,34553800,59134234000,7006
4,2023-12-05,1645,1680,1620,1660,21335900,35376130000,4084
5,2023-12-04,1665,1670,1635,1640,16286900,26823862000,3113
6,2023-12-01,1610,1695,1605,1665,37087700,61917611500,4306
7,2023-11-30,1600,1650,1585,1615,138930200,224570991500,5562
8,2023-11-29,1610,1635,1600,1605,22564800,36329866000,3212
9,2023-11-28,1625,1640,1600,1605,48173500,77575137000,3850
10,2023-11-27,1605,1640,1595,1625,25615200,41487148000,2736
11,2023-11-24,1640,1650,1590,1595,28217100,45298767500,3275
12,2023-11-23,1645,1675,1635,1640,22415700,37002733500,2678
13,2023-11-22,1620,1680,1620,1645,28702700,47572331000,3327
14,2023-11-21,1615,1620,1595,1605,30532300,49120186000,4367
15,2023-11-20,1615,1630,1600,1625,23028600,37233647500,3005
16,2023-11-17,1605,1620,1585,1620,43668800,70096660000,2978
17,2023-11-16,1610,1615,1580,1615,55800500,89559916500,4423
18,2023-11-15,1615,1625,1590,1610,30926600,49724928500,3385
19,2023-11-14,1590,1620,1560,1605,24224400,38592970500,2868
20,2023-11-13,1605,1635,1595,1600,16892600,27108750500,1990
21,2023-11-10,1620,1625,1585,1590,16704000,26737080000,2619
22,2023-11-09,1615,1645,1615,1620,14238800,23117360500,2450
23,2023-11-08,1610,1615,1585,1615,21364900,34260016500,3148
24,2023-11-07,1610,1625,1595,1605,28239600,45361675000,3348
25,2023-11-06,1595,1635,1590,1615,22496600,36251693500,4267
26,2023-11-03,1595,1620,1570,1590,32629000,52030635000,2888
27,2023-11-02,1605,1690,1580,1595,61585900,100692595000,5677
28,2023-11-01,1670,1670,1550,1605,90226000,143963237500,7452
29,2023-10-31,1705,1750,1585,1690,84591000,139913784000,7024
30,2023-10-30,1750,1760,1690,1705,24521300,41821233000,3476
31,2023-10-27,1775,1775,1750,1755,16699100,29334488500,2197
32,2023-10-26,1760,1775,1750,1750,14364300,25202586000,2615
33,2023-10-25,1830,1830,1760,1760,25913500,46295403500,3542
34,2023-10-24,1770,1865,1770,1825,32868900,60324021000,4358
35,2023-10-23,1780,1790,1760,1770,14040000,24916996000,3055
36,2023-10-20,1800,1830,1760,1770,25330300,45123974500,3354
37,2023-10-19,1805,1810,1775,1800,30146000,54158598000,3832
38,2023-10-18,1825,1830,1805,1805,12203800,22109968500,2618
39,2023-10-17,1770,1870,1770,1825,38125100,69872423500,5763
40,2023-10-16,1765,1775,1755,1760,9545800,16826131500,1856
41,2023-10-13,1730,1765,1730,1750,11069700,19366725000,2592
42,2023-10-12,1750,1760,1740,1740,15541900,27099822000,2823
43,2023-10-11,1770,1770,1745,1750,21443100,37621068000,2988
44,2023-10-10,1780,1795,1755,1755,18387000,32546864000,3500
45,2023-10-09,1825,1830,1780,1780,19018900,34055594500,5366
46,2023-10-06,1840,1860,1835,1835,23319900,43120088000,4364
47,2023-10-05,1780,1860,1770,1835,32076300,58821681500,5898
48,2023-10-04,1770,1785,1740,1765,28841300,50889741000,4564
49,2023-10-03,1785,1800,1760,1795,17677300,31599528000,4155
50,2023-10-02,1750,1795,1750,1785,23826000,42429692000,3321
51,2023-09-29,1755,1775,1745,1755,22701200,39919515500,3689
52,2023-09-27,1805,1805,1750,1755,18244000,32235186500,2879
53,2023-09-26,1780,1810,1780,1805,18365400,33084715500,3240
54,2023-09-25,1785,1810,1775,1775,21232800,38049152000,2495
55,2023-09-22,1815,1820,1780,1780,23992200,43028154500,3253
56,2023-09-21,1750,1815,1740,1815,32625300,58222907500,3178
57,2023-09-20,1790,1795,1750,1750,41154900,72674045500,4811
58,2023-09-19,1820,1820,1780,1790,30098500,54071941500,4183
59,2023-09-18,1765,1840,1765,1815,29281000,53443672000,3563
60,2023-09-15,1765,1800,1755,1765,64227000,113666087500,4835
61,2023-09-14,1785,1825,1775,1785,35127100,63036730500,3724
62,2023-09-13,1820,1820,1760,1785,40498300,72181354000,4684
63,2023-09-12,1855,1865,1805,1820,41058000,74937340500,4208
64,2023-09-11,1720,1860,1720,1860,58535600,106688176500,6680
65,2023-09-08,1700,1720,1660,1720,55673400,94417862000,7462
66,2023-09-07,1735,1740,1670,1705,59123900,100113862500,6485
67,2023-09-06,1760,1765,1735,1740,29734200,51875615500,3667
68,2023-09-05,1785,1785,1755,1770,26047300,46056582000,5009
69,2023-09-04,1775,1820,1740,1785,33778600,60029440000,5383
70,2023-09-01,1820,1820,1760,1775,25897000,46509885000,5235
71,2023-08-31,1840,1840,1815,1815,48819500,88705640500,4589
72,2023-08-30,1860,1870,1830,1845,18648400,34510082500,2741
73,2023-08-29,1815,1875,1805,1860,29399700,54560458500,4514
74,2023-08-28,1815,1825,1805,1805,13537400,24466163500,2331
75,2023-08-25,1820,1820,1800,1810,16350700,29556045500,1694
76,2023-08-24,1810,1825,1805,1810,28276000,51253086000,3555
77,2023-08-23,1850,1855,1810,1810,34969400,63963945500,4885
78,2023-08-22,1830,1855,1825,1855,14606900,26996389500,2049
79,2023-08-21,1845,1860,1830,1845,12787100,23614267000,1790
80,2023-08-18,1870,1870,1840,1845,50347600,93092450000,4971
81,2023-08-16,1850,1870,1835,1870,25067600,46565117500,4435
82,2023-08-15,1865,1875,1845,1850,23619600,43899343500,3196
83,2023-08-14,1855,1855,1815,1850,36798900,67512837000,4258
84,2023-08-11,1840,1855,1830,1850,16674600,30779803500,2590
85,2023-08-10,1875,1875,1825,1845,31694800,58295516000,4527
86,2023-08-09,1855,1875,1855,1875,17220000,32232808500,2546
87,2023-08-08,1845,1875,1845,1855,27237500,50535110000,2674
88,2023-08-07,1905,1905,1850,1850,38131200,70658654500,3659
89,2023-08-04,1885,1895,1860,1875,17972100,33805315500,5754
90,2023-08-03,1820,1895,1810,1885,40142500,75278597500,5316
91,2023-08-02,1805,1810,1770,1795,91491000,163707442000,6715
92,2023-08-01,1900,1910,1795,1805,125530500,228130218000,17500
93,2023-07-31,1915,1935,1885,1915,70534200,134476530500,6335
94,2023-07-28,1905,1925,1895,1910,44609300,84892139500,4042
95,2023-07-27,1920,1925,1905,1905,62633600,119693756000,5204
96,2023-07-26,1970,1970,1925,1935,25482000,49413279500,4268
97,2023-07-25,1960,1965,1940,1965,40692500,79484937500,4158
98,2023-07-24,1970,1985,1960,1970,24367300,48162263500,3292
99,2023-07-21,1950,1970,1925,1970,42962900,83662210000,5514
100,2023-07-20,1990,2000,1950,1950,79634100,156239237000,10768
101,2023-07-18,2040,2040,1980,2000,74341400,148429590000,4883
102,2023-07-17,2070,2090,2020,2020,39937300,81573453000,3578
103,2023-07-14,2040,2090,2030,2070,29285700,60489421000,4153
104,2023-07-13,2000,2060,2000,2020,37406000,76074117000,4177
105,2023-07-12,2020,2030,1995,2000,40082300,80285719500,4303
106,2023-07-11,2000,2030,1995,2030,28824700,58115918500,2833
107,2023-07-10,1990,2020,1990,2000,32144400,64272751500,3515
108,2023-07-07,1990,1995,1975,1990,39362000,78176606000,4347
109,2023-07-06,2000,2010,1985,1990,39236900,78263992000,4696
110,2023-07-05,1985,2030,1985,2010,51042500,102749411000,4330
111,2023-07-04,2020,2030,1965,1985,75416000,150396485000,6806
112,2023-07-03,2050,2060,2020,2020,63535200,128967861000,4654
113,2023-06-27,2040,2060,2040,2050,34955900,71614844000,2689
114,2023-06-26,2060,2070,2040,2070,12739800,26235799000,1431
115,2023-06-23,2020,2060,2000,2050,29118600,59380128000,3583
116,2023-06-22,2060,2060,2020,2020,45701700,92608174000,4984
117,2023-06-21,2080,2080,2050,2050,19156000,39413545000,1918
118,2023-06-20,2070,2080,2050,2070,18373900,37959391000,3145
119,2023-06-19,2060,2080,2050,2070,12624000,26001721000,2163
120,2023-06-16,2070,2100,2040,2100,56618400,117973492000,4508
121,2023-06-15,2050,2080,2030,2080,22591500,46471228000,3548
122,2023-06-14,2080,2080,2040,2050,26515000,54401033000,5038
123,2023-06-13,2060,2080,2030,2080,22482300,46358971000,3687
124,2023-06-12,2070,2070,2030,2060,22303000,45803519000,4527
125,2023-06-09,2040,2070,2020,2050,34436700,70318239000,3559
126,2023-06-08,2050,2070,2030,2040,17271000,35357869000,2940
127,2023-06-07,2030,2050,2000,2050,54157200,110210213000,6111
128,2023-06-06,2050,2070,1920,2040,71093800,144172634500,5141
129,2023-06-05,2070,2090,2030,2050,72504600,149140922000,6127
130,2023-05-31,2070,2100,2030,2030,146603000,298580505000,4721
131,2023-05-30,2110,2130,2070,2070,24327100,51004354000,3163
132,2023-05-29,2050,2110,2050,2110,28726300,59932685000,2773
133,2023-05-26,2050,2080,2040,2050,23341900,48049423000,3958
134,2023-05-25,2040,2080,2040,2050,23079500,47591787000,3253
135,2023-05-24,2090,2120,2040,2040,49199600,101533278000,5294
136,2023-05-23,2110,2160,2100,2120,31622600,67119065000,2616
137,2023-05-22,2170,2180,2120,2130,20189000,43276886000,3037
138,2023-05-19,2160,2170,2070,2170,25623600,54622630000,3370
139,2023-05-17,2190,2190,2130,2160,17464300,37575735000,3957
140,2023-05-16,2140,2200,2120,2200,22823000,49310725000,3475
141,2023-05-15,2110,2140,2100,2140,17513900,37168990000,2947
142,2023-05-12,2090,2120,2070,2110,15860700,33356555000,4036
143,2023-05-11,2070,2130,2060,2130,45802700,96109485000,6513
144,2023-05-10,2060,2110,2060,2060,19910000,41246571000,3316
145,2023-05-09,2080,2100,2060,2060,14345300,29645029000,5003
146,2023-05-08,2150,2150,2070,2100,31552100,66180390000,5002
147,2023-05-05,2090,2150,2070,2150,17511500,37045339000,3191
148,2023-05-04,2060,2090,2040,2090,23823300,49279300000,3469
149,2023-05-03,2060,2060,2020,2060,59492800,121201099000,3872
150,2023-05-02,2120,2120,2030,2070,48843600,100247533000,8558
151,2023-04-28,2120,2130,2060,2120,26544400,55775882000,3821
152,2023-04-27,2080,2120,2070,2120,16361800,34462889000,2250
153,2023-04-26,2040,2090,2020,2080,77840300,159904003000,6639
154,2023-04-18,2030,2080,2030,2060,25084900,51453430000,3523
155,2023-04-17,2070,2090,2030,2040,43707500,89347667000,5821
156,2023-04-14,2040,2080,2040,2060,25072400,51702481000,3292
157,2023-04-13,2060,2060,2030,2030,38067800,77541906000,12505
158,2023-04-12,2060,2060,2020,2040,31712900,64633301000,5536
159,2023-04-11,2070,2080,2050,2070,12614600,26011440000,2696
160,2023-04-10,2050,2070,2030,2070,10799400,22227498000,2144
161,2023-04-06,2100,2100,2050,2050,16192400,33459574000,6149
162,2023-04-05,2110,2150,2090,2090,22174300,46949636000,4227
163,2023-04-04,2080,2130,2070,2100,33330300,69926979000,3854
164,2023-04-03,2100,2100,2040,2080,36697400,75763633000,7980
165,2023-03-31,2160,2170,2090,2100,41512300,87651516000,4541
166,2023-03-30,2200,2210,2140,2170,21147800,45723399000,2767
167,2023-03-29,2190,2220,2150,2200,27058100,59453937000,3888
168,2023-03-28,2130,2190,2120,2150,27974900,60340968000,3957
169,2023-03-27,2160,2160,2090,2100,18011400,38003295000,4186
170,2023-03-24,2350,2350,2130,2130,47381500,103446392000,7646
171,2023-03-21,2160,2210,2130,2210,24288100,52947996000,3667
172,2023-03-20,2220,2220,2130,2170,14432700,31185953000,2495
173,2023-03-17,2150,2220,2150,2220,68371200,150910176000,3298
174,2023-03-16,2080,2150,2080,2130,20051600,42646066000,3168
175,2023-03-15,2090,2120,2070,2070,19989300,41546460000,3006
176,2023-03-14,2110,2120,2070,2090,19346600,40499104000,2418
177,2023-03-13,2050,2110,2050,2110,19186000,40295952000,3332
178,2023-03-10,2080,2090,2050,2060,21644200,44752480000,4366
179,2023-03-09,2100,2100,2080,2080,16285200,33931247000,2876
180,2023-03-08,2080,2120,2050,2100,18527200,38560713000,3517
181,2023-03-07,2100,2110,2060,2080,21860100,45466145000,4185
182,2023-03-06,2080,2120,2070,2110,27323400,57295771000,3049
183,2023-03-03,2100,2120,2040,2060,39606500,82010495000,5627
184,2023-03-02,2120,2130,2100,2100,15274800,32148999000,4675
185,2023-03-01,2100,2140,2090,2110,13968900,29465209000,5128
186,2023-02-28,2170,2180,2110,2110,92212400,195508187000,5348
187,2023-02-27,2240,2240,2120,2170,36283800,78307161000,5139
188,2023-02-24,2170,2270,2150,2270,28192100,62273434000,5477
189,2023-02-23,2150,2180,2030,2180,56208600,119186777000,6890
190,2023-02-22,2280,2280,2130,2160,59877800,129721328000,6644
191,2023-02-21,2300,2310,2260,2290,12838200,29349840000,2131
192,2023-02-20,2260,2300,2250,2300,18255500,41515312000,2843
193,2023-02-17,2280,2330,2240,2250,18286100,41452896000,2707
194,2023-02-16,2290,2310,2280,2290,10569700,24213099000,3226
195,2023-02-15,2300,2320,2270,2310,24754800,57009769000,4171
196,2023-02-14,2230,2350,2200,2330,29570800,68008823000,4331
197,2023-02-13,2360,2360,2230,2230,23580100,53190856000,5753
198,2023-02-10,2250,2360,2210,2360,30431100,69859304000,3934
199,2023-02-09,2250,2270,2190,2250,17258700,38613372000,3750
200,2023-02-08,2180,2270,2180,2250,24583500,55132441000,4080
201,2023-02-07,2170,2250,2140,2210,18130200,39987925000,3576
202,2023-02-06,2150,2190,2110,2170,23459000,50411143000,4166
203,2023-02-03,2200,2270,2170,2180,21976000,48562675000,5049
204,2023-02-02,2100,2200,2080,2200,55267200,119804683000,4056
205,2023-02-01,2060,2090,2060,2080,23335700,48523091000,5165
206,2023-01-31,2150,2160,2050,2060,57124000,118416213000,4711
207,2023-01-30,2050,2150,2020,2150,33641800,70148074000,3751
208,2023-01-27,2040,2060,2030,2050,17669900,36089339000,2586
209,2023-01-26,2050,2060,2020,2040,20378600,41479504000,2867
210,2023-01-25,2060,2080,2030,2050,11156100,22908279000,1539
211,2023-01-24,2040,2080,2030,2060,11903200,24455686000,2330
212,2023-01-20,2100,2100,2060,2060,10739300,22235544000,2806
213,2023-01-19,2070,2100,2050,2100,11116900,23220669000,2328
214,2023-01-18,2080,2090,2030,2090,25470900,52233262000,3540
215,2023-01-17,2060,2090,2050,2070,19593900,40646782000,2764
216,2023-01-16,2050,2060,2020,2060,23128600,47087071000,1821
217,2023-01-13,2030,2060,2000,2050,27367200,55742323000,3198
218,2023-01-12,2030,2050,2020,2020,22120500,44940226000,13892
219,2023-01-11,2050,2070,2020,2040,26543400,54052234000,2888
220,2023-01-10,2100,2110,2040,2050,17724600,36490243000,4225
221,2023-01-09,2070,2100,2040,2100,16259000,33747785000,5385
222,2023-01-06,2050,2070,2020,2050,24694200,50388649000,3100
223,2023-01-05,2090,2110,2040,2070,24355100,50320013000,3952
224,2023-01-04,2120,2140,2080,2090,18204300,38312367000,2058
225,2023-01-03,2050,2140,2050,2120,9282100,19599546000,2400
226,2023-01-02,2090,2110,2060,2060,2885700,6010653000,1260
227,2022-12-30,2080,2090,2040,2090,24171100,50053535000,2440
228,2022-12-29,2020,2090,2020,2090,20241300,41601984000,3061
229,2022-12-28,2030,2040,2020,2030,21212300,43068282000,4075
230,2022-12-27,2080,2080,2020,2030,12465800,25436838000,2074
231,2022-12-26,2040,2080,2020,2070,11137200,22917634000,1360
232,2022-12-23,2050,2070,2020,2040,21975000,44843316000,3008
233,2022-12-22,2070,2090,2040,2060,20359700,41982370000,2639
234,2022-12-21,2090,2100,2050,2100,23249900,48258038000,2563
235,2022-12-20,2130,2170,2070,2100,20520100,43057390000,3081
236,2022-12-19,2100,2170,2060,2170,27167800,57638146000,2861
237,2022-12-16,2030,2120,2020,2120,46198400,97309818000,2567
238,2022-12-15,2080,2110,2040,2050,34288800,70734247000,3452
239,2022-12-14,2110,2150,2090,2120,21504700,45658734000,2583
240,2022-12-13,2160,2170,2090,2110,24548400,51968173000,3185
241,2022-12-12,2130,2170,2060,2150,29906700,63856898000,4419
242,2022-12-09,2140,2140,2060,2130,25787900,54214362000,4242
243,2022-12-08,2020,2140,2000,2140,21512500,44684918000,3992
244,2022-12-07,2020,2040,1995,2030,34412200,69367459500,2709
245,2022-12-06,2060,2060,1960,2030,29565700,59717162500,4190
246,2022-12-05,2030,2090,2010,2060,26148500,53605439000,4643
247,2022-12-02,2010,2060,2010,2060,21243500,43417282000,4046
248,2022-12-01,2050,2090,2010,2050,30950400,63192992000,7479
249,2022-11-30,2100,2140,2070,2070,113248400,235274810000,5789
250,2022-11-29,2130,2140,2060,2100,29841500,62752490000,5393
251,2022-11-28,2090,2150,2050,2120,39785600,84284953000,5096
252,2022-11-25,2050,2100,2020,2100,17714000,36412383000,3659
253,2022-11-24,2050,2110,2010,2070,30182900,62331793000,3544
254,2022-11-23,2030,2060,2000,2050,25152900,51185830000,4237
255,2022-11-22,2150,2150,2020,2020,29365400,60669947000,5968
256,2022-11-21,2080,2150,2030,2110,41660200,87533270000,4402
257,2022-11-18,2050,2080,2010,2060,21741100,44426398000,3855
258,2022-11-17,2030,2050,2010,2030,20666000,41892305000,2326
259,2022-11-16,2030,2030,2000,2030,18220400,36793028000,2756
260,2022-11-15,2030,2050,2010,2030,24214600,49030702000,3065
261,2022-11-14,2060,2060,1980,2010,21366600,42944624000,3353
262,2022-11-11,1980,2040,1970,2000,67795400,135065552000,4894
263,2022-11-10,1950,1980,1935,1980,21708900,42617805000,3103
264,2022-11-09,1970,1990,1930,1960,40600900,79462031500,4142
265,2022-11-08,2050,2050,1955,1980,28477600,56415765000,4067
266,2022-11-07,1970,2020,1955,2020,40439700,80484554000,4286
267,2022-11-04,1970,1970,1910,1965,33585400,65494338000,4904
268,2022-11-03,1970,1985,1930,1970,31159800,61121998000,3766
269,2022-11-02,1945,1980,1875,1970,74881800,146115884000,8004
270,2022-11-01,2050,2050,1975,1985,55207600,110772720500,5291
271,2022-10-31,2030,2080,2020,2050,84640500,173136323000,4370
272,2022-10-28,2030,2030,1995,2020,26911000,54142558000,2198
273,2022-10-27,2030,2040,2010,2010,63538200,128555829000,3973
274,2022-10-26,2000,2050,2000,2040,19011800,38655255000,3279
275,2022-10-25,2020,2070,1975,2000,44476400,89854342000,4905
276,2022-10-24,1975,2050,1955,1995,30724200,61726010500,5802
277,2022-10-21,2030,2050,1965,1975,65666200,130762610500,5875
278,2022-10-20,1960,2070,1945,2030,117918400,238012433500,12364
279,2022-10-19,1900,1980,1875,1980,66266800,127932049000,5063
280,2022-10-18,1935,1940,1885,1900,107641800,204617086000,4223
281,2022-10-17,1845,1945,1845,1930,93740100,176588979500,7671
282,2022-10-14,1855,1860,1845,1845,34632800,64147316000,2261
283,2022-10-13,1860,1860,1850,1860,67251900,124982284000,2712
284,2022-10-12,1850,1900,1850,1900,23860300,44895413500,2785
285,2022-10-11,1895,1900,1835,1835,33465900,62686129500,3956
286,2022-10-10,1845,1905,1835,1895,24787700,46852206000,3647
287,2022-10-07,1850,1855,1830,1845,29216100,53922977500,2950
288,2022-10-06,1850,1865,1835,1850,33851500,62628092500,2116
289,2022-10-05,1815,1850,1815,1845,16903000,31129779500,2934
290,2022-10-04,1830,1845,1790,1815,22605800,41062989500,3361
291,2022-10-03,1830,1840,1800,1810,20938800,38076774500,2882
292,2022-09-30,1830,1850,1825,1830,50240300,92079625500,3347
293,2022-09-29,1790,1855,1790,1830,34876300,64183892500,3830
294,2022-09-28,1855,1855,1795,1820,40202000,73240016500,3540
295,2022-09-27,1825,1865,1825,1850,79268200,147017764000,4026
296,2022-09-26,1845,1855,1830,1850,81519600,150734612000,2942
297,2022-09-23,1850,1850,1835,1845,35652700,65769748500,4480
298,2022-09-22,1830,1865,1825,1855,62485200,115829578500,3964
299,2022-09-21,1845,1850,1820,1840,48378000,88681293500,4624
300,2022-09-20,1870,1875,1840,1850,53757900,99609956500,3127
301,2022-09-19,1900,1930,1855,1875,86049100,161890625000,4728
302,2022-09-16,1835,1900,1825,1900,112579900,211893193000,6017
303,2022-09-15,1825,1865,1810,1835,68525700,126478923500,7228
304,2022-09-14,1760,1825,1745,1795,33147400,59537700500,3774
305,2022-09-13,1770,1830,1760,1795,68663000,123785255000,6224
306,2022-09-12,1725,1750,1710,1750,29347500,51069411500,3754
307,2022-09-09,1680,1720,1675,1700,40502200,69067809000,4192
308,2022-09-08,1665,1680,1660,1665,24542300,40980665000,3201
309,2022-09-07,1650,1670,1650,1665,21324900,35443478500,2890
310,2022-09-06,1640,1670,1635,1660,27144600,45017855500,2771
311,2022-09-05,1655,1665,1640,1640,11291400,18601004500,2233
312,2022-09-02,1665,1685,1655,1675,27887500,46719383000,3227
313,2022-09-01,1680,1680,1640,1655,13284200,21950908000,2999
314,2022-08-31,1620,1680,1600,1680,79897200,132316626500,4959
315,2022-08-30,1660,1660,1620,1630,53318100,87505386000,6486
316,2022-08-29,1610,1640,1610,1630,46761100,76166696000,2921
317,2022-08-26,1630,1635,1605,1620,26577900,43154780500,2232
318,2022-08-25,1615,1640,1610,1610,26101800,42314726000,4498
319,2022-08-24,1620,1640,1605,1615,17502700,28330421000,3622
320,2022-08-23,1630,1645,1625,1625,49113600,80259123000,3768
321,2022-08-22,1610,1620,1590,1610,28461400,45669236500,4068
322,2022-08-19,1635,1640,1610,1610,25423300,41173388000,3155
323,2022-08-18,1645,1670,1625,1635,91254000,149261456000,7892
324,2022-08-16,1610,1635,1595,1635,48444300,78568594000,4856
325,2022-08-15,1625,1625,1595,1595,26916300,43249000500,3462
326,2022-08-12,1585,1615,1585,1615,24800900,39770631000,3430
327,2022-08-11,1610,1610,1585,1585,39752900,63362299000,3184
328,2022-08-10,1585,1600,1575,1600,26886700,42786092000,2997
329,2022-08-09,1615,1630,1585,1585,49268200,78754122000,6077
330,2022-08-08,1615,1615,1585,1615,39012000,62514185000,3960
331,2022-08-05,1595,1605,1590,1590,48888500,78044469500,3884
332,2022-08-04,1600,1600,1570,1595,82867700,131699581000,4957
333,2022-08-03,1590,1600,1575,1590,63663300,101211220500,4244
334,2022-08-02,1590,1600,1565,1590,55776800,88432923000,3976
335,2022-08-01,1620,1625,1570,1585,57374200,91216119000,6480
336,2022-07-29,1670,1680,1585,1620,99313700,161534937500,8359
337,2022-07-28,1685,1690,1665,1670,32757200,54827295500,2424
338,2022-07-27,1700,1705,1675,1690,28115000,47451379000,2127
339,2022-07-26,1710,1710,1680,1695,27325600,46230438500,2636
340,2022-07-25,1715,1715,1670,1690,29266000,49300603000,1836
341,2022-07-22,1690,1715,1675,1715,39897000,67458368500,3247
342,2022-07-21,1730,1730,1670,1680,48156000,80958411000,2596
343,2022-07-20,1690,1735,1685,1730,55562200,95117795000,4611
344,2022-07-19,1675,1705,1670,1700,40514700,68651723000,3975
345,2022-07-18,1675,1690,1650,1655,42585900,70756381000,2858
346,2022-07-15,1725,1725,1680,1680,21810800,36826780000,2655
347,2022-07-14,1690,1720,1685,1720,62948300,107641346000,4980
348,2022-07-13,1700,1700,1680,1690,46771600,78959927500,9279
349,2022-07-12,1700,1710,1680,1680,25137900,42388183500,6001
350,2022-07-11,1675,1700,1660,1700,14169600,23810300000,1768
351,2022-07-08,1675,1685,1650,1670,27956500,46548950000,2284
352,2022-07-07,1685,1695,1670,1680,16128800,27104684000,2067
353,2022-07-06,1690,1690,1665,1685,23649900,39717345000,1760
354,2022-07-05,1640,1695,1630,1690,23903000,39799673500,2741
355,2022-07-04,1680,1700,1615,1635,51526900,84560305000,3615
356,2022-07-01,1670,1705,1670,1685,29391000,49484935000,2823
357,2022-06-30,1690,1715,1660,1660,37727000,63051872500,3481
358,2022-06-29,1700,1705,1690,1690,43552300,73968903500,2602
359,2022-06-28,1710,1720,1695,1700,58282200,99444863500,3162
360,2022-06-27,1710,1710,1685,1695,23620200,40030578000,2032
361,2022-06-24,1710,1720,1685,1710,30114800,51399074500,3960
362,2022-06-23,1630,1700,1625,1700,86030200,143527238000,6213
363,2022-06-22,1625,1635,1620,1625,57150900,92945474500,2853
364,2022-06-21,1620,1625,1615,1625,34306700,55687910500,2895
365,2022-06-20,1625,1630,1620,1620,47509600,77203353500,2209
366,2022-06-17,1620,1630,1615,1625,44887100,72882472500,1528
367,2022-06-16,1615,1625,1610,1625,47197200,76612815500,2644
368,2022-06-15,1610,1625,1600,1615,25656400,41250493000,2714
369,2022-06-14,1610,1625,1605,1625,25687400,41599599000,4001
370,2022-06-13,1615,1625,1605,1625,38442100,62250600000,4936
371,2022-06-10,1625,1625,1600,1625,31155500,50284011500,3461
372,2022-06-09,1625,1655,1620,1635,65482700,106900813500,8701
373,2022-06-08,1600,1635,1595,1625,44783800,72375629000,6735
374,2022-06-07,1635,1640,1595,1595,39892100,64049178000,3411
375,2022-06-06,1600,1640,1595,1640,30976700,50047125000,2722
376,2022-06-03,1620,1625,1600,1600,27458200,44157046000,2809
377,2022-06-02,1670,1670,1585,1605,58671200,94372494500,6548
378,2022-05-31,1625,1675,1610,1675,115863900,192038009000,3969
379,2022-05-30,1615,1630,1615,1630,23066200,37496304500,2475
380,2022-05-27,1640,1640,1605,1610,32989700,53363328500,4538
381,2022-05-25,1620,1635,1600,1630,22287100,36037687500,3853
382,2022-05-24,1645,1655,1615,1615,49342000,80666947500,4000
383,2022-05-23,1625,1645,1615,1630,36912700,59994887500,3134
384,2022-05-20,1605,1660,1600,1625,61642000,100523217000,4884
385,2022-05-19,1625,1645,1575,1605,61712100,99419861000,5488
386,2022-05-18,1630,1635,1605,1625,111379300,180808379000,3555
387,2022-05-17,1625,1645,1615,1625,159495200,259404376500,4026
388,2022-05-13,1580,1645,1580,1600,49784100,80263931000,5313
389,2022-05-12,1635,1635,1555,1580,36570400,57915691000,4369
390,2022-05-11,1615,1635,1605,1635,50650000,82472252500,4061
391,2022-05-10,1530,1635,1530,1615,52064100,83186798500,6133
392,2022-05-09,1600,1655,1530,1530,76978200,120820120000,10781
393,2022-04-28,1615,1665,1615,1640,49356100,81350463500,5009
394,2022-04-27,1620,1630,1600,1615,30454300,49193978000,3542
395,2022-04-26,1605,1625,1600,1625,16248100,26274299500,2527
396,2022-04-25,1570,1620,1565,1605,33865200,54128126000,3628
397,2022-04-22,1600,1600,1540,1575,57504900,90349843000,4051
398,2022-04-21,1565,1610,1565,1600,32175900,51475218500,2550
399,2022-04-20,1590,1600,1560,1560,51769300,81527185500,3895
400,2022-04-19,1600,1610,1570,1575,42560700,67350522000,3246
401,2022-04-18,1585,1615,1585,1600,18765800,30094449500,2199
402,2022-04-14,1595,1600,1580,1585,26345100,41877925000,4983
403,2022-04-13,1585,1595,1575,1595,34085700,54075664500,3634
404,2022-04-12,1585,1590,1560,1585,46610200,73601306500,3129
405,2022-04-11,1580,1590,1550,1585,51859100,81475259000,3748
406,2022-04-08,1580,1605,1575,1580,36379600,57654364500,3147
407,2022-04-07,1590,1600,1550,1580,68102400,107817963000,4288
408,2022-04-06,1605,1615,1575,1595,49125700,78071386500,7039
409,2022-04-05,1670,1670,1610,1610,34164600,55384544000,5327
410,2022-04-04,1615,1685,1595,1685,25992600,42563887000,5686
411,2022-04-01,1610,1620,1595,1615,29819100,47943674000,9145
412,2022-03-31,1660,1660,1610,1610,45789300,74344141500,6175
413,2022-03-30,1635,1665,1630,1660,19430300,32143955500,5000
414,2022-03-29,1625,1660,1625,1630,26030300,42659473500,3505
415,2022-03-28,1660,1660,1630,1630,31051600,51042079500,6603
416,2022-03-25,1680,1690,1635,1670,52626100,87505192000,5881
417,2022-03-24,1640,1690,1640,1690,43946500,73574219500,5649
418,2022-03-23,1655,1660,1635,1660,37044800,61237455000,5584
419,2022-03-22,1645,1655,1615,1655,29045900,47508343500,3436
420,2022-03-21,1630,1650,1605,1650,23066400,37555709500,3443
421,2022-03-18,1610,1630,1595,1630,55156200,89353838500,2962
422,2022-03-17,1620,1620,1585,1610,34000900,54417238500,5157
423,2022-03-16,1615,1620,1580,1620,55709500,88871947500,5471
424,2022-03-15,1630,1630,1585,1620,35968000,58026447000,4389
425,2022-03-14,1620,1650,1600,1630,26761400,43613003500,4279
426,2022-03-11,1605,1630,1595,1615,14480100,23377329000,2629
427,2022-03-10,1590,1625,1590,1605,32861500,52738375000,4500
428,2022-03-09,1585,1615,1580,1585,19148100,30581667000,3934
429,2022-03-08,1605,1610,1575,1590,56565000,89915770000,6064
430,2022-03-07,1640,1640,1585,1605,40066800,64008171000,5789
431,2022-03-04,1600,1640,1590,1640,42707800,69209329000,6146
432,2022-03-02,1590,1630,1575,1600,63136800,101211326500,7327
433,2022-03-01,1635,1635,1575,1580,73898600,118449919000,13297
434,2022-02-25,1600,1645,1520,1645,116915300,187336930500,10931
435,2022-02-24,1645,1650,1595,1630,37300400,60443555000,5347
436,2022-02-23,1630,1650,1610,1650,44613000,72768631500,5189
437,2022-02-22,1590,1650,1585,1620,51416700,83338903000,6151
438,2022-02-21,1600,1625,1585,1590,32018300,51070233000,4182
439,2022-02-18,1600,1620,1600,1600,26231800,42237583500,4377
440,2022-02-17,1610,1620,1590,1600,31645800,50532976500,3966
441,2022-02-16,1640,1640,1615,1620,17463200,28380782000,3029
442,2022-02-15,1600,1655,1595,1640,31125900,50741079500,5156
443,2022-02-14,1635,1640,1575,1600,27660100,44433731500,5095
444,2022-02-11,1640,1655,1615,1635,22112600,36129593000,4161
445,2022-02-10,1660,1680,1640,1640,23853300,39419197500,3739
446,2022-02-09,1665,1665,1630,1650,27205100,44741256500,3286
447,2022-02-08,1660,1685,1640,1640,36457000,60227969000,4140
448,2022-02-07,1680,1690,1655,1685,15681800,26246804500,2545
449,2022-02-04,1660,1690,1655,1690,17949800,29999149000,2008
450,2022-02-03,1690,1690,1655,1660,23942400,39936523000,3734
451,2022-02-02,1650,1695,1645,1690,17161600,28847297000,3585
452,2022-01-31,1670,1680,1630,1640,17549900,28863151000,2627
453,2022-01-28,1670,1695,1660,1670,25104500,41956213000,2842
454,2022-01-27,1680,1700,1655,1690,22397200,37713067000,2383
455,2022-01-26,1690,1700,1665,1700,24644500,41494268500,2261
456,2022-01-25,1695,1700,1655,1700,31244100,52656130000,4435
457,2022-01-24,1705,1705,1620,1700,37893600,63949006000,5095
458,2022-01-21,1700,1710,1685,1705,22979900,39146195000,2706
459,2022-01-20,1715,1720,1695,1700,56582000,96484499000,3820
460,2022-01-19,1715,1720,1695,1700,71878500,122969466000,3324
461,2022-01-18,1710,1720,1695,1715,50948500,87074146500,5870
462,2022-01-17,1705,1710,1695,1705,36515000,62200215500,5747
463,2022-01-14,1700,1700,1685,1695,21589300,36617583500,3404
464,2022-01-13,1700,1700,1670,1700,28302700,47916204000,3167
465,2022-01-12,1675,1700,1660,1700,36149500,61025765000,4544
466,2022-01-11,1695,1695,1650,1675,44595500,74248356000,5344
467,2022-01-10,1665,1730,1665,1695,132840300,226234531500,14523
468,2022-01-07,1620,1685,1615,1655,87215800,143300158000,6427
469,2022-01-06,1620,1630,1600,1620,27428300,44302339000,6425
470,2022-01-05,1615,1625,1595,1625,47707800,77347542500,3264
471,2022-01-04,1620,1625,1610,1620,24471900,39616567000,1905
472,2022-01-03,1615,1625,1605,1620,25774000,41630396000,2411
473,2021-12-30,1615,1625,1610,1615,24016700,38855087500,2476
474,2021-12-29,1615,1620,1605,1615,13887200,22418152000,1848
475,2021-12-28,1610,1620,1605,1605,20479500,33016369000,3976
476,2021-12-27,1580,1615,1575,1610,14905100,23895297000,1300
477,2021-12-24,1590,1605,1570,1575,14266300,22606113000,1339
478,2021-12-23,1560,1605,1550,1590,29951800,47546018500,3661
479,2021-12-22,1605,1605,1545,1570,46200100,72779959000,4934
480,2021-12-21,1615,1620,1605,1605,23899000,38547328000,2017
481,2021-12-20,1615,1630,1605,1615,33529500,54258262000,3885
482,2021-12-17,1630,1630,1595,1610,41416100,66605601500,3103
483,2021-12-16,1620,1630,1610,1625,99342000,161158376000,5278
484,2021-12-15,1610,1620,1605,1615,32761400,52905972500,1992
485,2021-12-14,1610,1615,1600,1610,44663200,71865078000,2474
486,2021-12-13,1615,1615,1585,1605,30298500,48503356000,2067
487,2021-12-10,1610,1615,1595,1610,21711000,34892917500,1591
488,2021-12-09,1595,1615,1590,1610,42152900,67726417000,2601
489,2021-12-08,1605,1605,1595,1595,26973800,43178888500,2227
490,2021-12-07,1585,1615,1585,1615,24030800,38551165500,3062
491,2021-12-06,1615,1615,1580,1580,31633400,50549671500,2176
492,2021-12-03,1615,1625,1605,1610,41788400,67421458500,2363
493,2021-12-02,1590,1635,1585,1615,56231800,90774407000,4873
494,2021-12-01,1605,1610,1575,1590,44533500,71128811500,5298
495,2021-11-30,1605,1610,1590,1600,162594600,260250505500,3816
496,2021-11-29,1590,1610,1560,1605,66271400,105780366000,7179
497,2021-11-26,1615,1615,1555,1590,47932800,75915568000,5468
498,2021-11-25,1610,1620,1600,1620,48835900,78818942000,2381
499,2021-11-24,1610,1610,1595,1610,36474100,58640227000,2057
500,2021-11-23,1600,1610,1570,1610,31824100,51021206000,3252
501,2021-11-22,1595,1620,1590,1600,41133000,65890785500,3414
502,2021-11-19,1615,1620,1585,1595,22639000,36117510000,4193
503,2021-11-18,1610,1620,1600,1615,28281300,45662640500,2850
504,2021-11-17,1625,1625,1600,1615,23329400,37628508500,2453
505,2021-11-16,1600,1620,1575,1620,56316100,90025782500,3759
506,2021-11-15,1610,1615,1570,1595,20170900,32224733000,2820
507,2021-11-12,1590,1615,1590,1610,31257500,50146254500,4226
508,2021-11-11,1625,1630,1565,1590,52529900,84425628500,4463
509,2021-11-10,1620,1625,1605,1625,55784500,90379819000,3404
510,2021-11-09,1635,1635,1590,1620,50026200,80766303500,4895
511,2021-11-08,1630,1635,1610,1620,140655600,227879840000,3342
512,2021-11-05,1625,1650,1615,1630,120743600,197173006000,4070
513,2021-11-04,1640,1640,1610,1630,147923700,240934859000,4387
514,2021-11-03,1630,1640,1615,1635,139441900,227745648000,6031
515,2021-11-02,1590,1630,1565,1620,125599400,202525792500,6349
516,2021-11-01,1600,1605,1590,1590,63028700,100715666000,5424
517,2021-10-29,1600,1605,1590,1600,155669800,248970539500,4139
518,2021-10-28,1610,1610,1580,1590,102437000,163341428000,11145
519,2021-10-27,1540,1605,1510,1600,164887800,260959616500,16264
520,2021-10-26,1480,1605,1480,1540,166793500,255410223500,22648
521,2021-10-25,1455,1480,1440,1465,23810800,34886547000,3276
522,2021-10-22,1490,1490,1435,1455,34304000,49771418000,5904
523,2021-10-21,1460,1490,1450,1490,52190200,76515985000,6398
524,2021-10-19,1440,1450,1420,1450,16828400,24149559000,3067
525,2021-10-18,1450,1455,1425,1440,25759700,37113423000,4343
526,2021-10-15,1450,1455,1415,1445,45210300,64852294500,9268
527,2021-10-14,1390,1440,1380,1435,65304500,92514749500,8167
528,2021-10-13,1375,1385,1360,1385,29785100,40979681500,5135
529,2021-10-12,1360,1380,1355,1370,26638500,36392000000,5288
530,2021-10-11,1380,1385,1360,1360,20811400,28498259000,3967
531,2021-10-08,1375,1405,1370,1380,24962100,34504588500,4940
532,2021-10-07,1370,1415,1370,1370,37530500,51889868000,5888
533,2021-10-06,1370,1410,1365,1370,30270100,42140681500,3723
534,2021-10-05,1380,1390,1370,1370,15698000,21592184000,3353
535,2021-10-04,1400,1405,1375,1380,24057600,33235142500,4143
536,2021-10-01,1430,1430,1380,1400,21204400,29615833500,4439
537,2021-09-30,1410,1430,1400,1430,23730600,33689252000,3295
538,2021-09-29,1370,1410,1365,1410,24028200,33576153500,4310
539,2021-09-28,1415,1415,1380,1380,10162000,14096006000,3279
540,2021-09-27,1410,1410,1390,1400,10494500,14680494500,2124
541,2021-09-24,1425,1425,1385,1400,19823600,27646909000,3071
542,2021-09-23,1410,1440,1395,1395,21547200,30272764500,3376
543,2021-09-22,1420,1435,1410,1420,12157700,17313479500,2373
544,2021-09-21,1425,1450,1405,1405,14673100,20860255500,2433
545,2021-09-20,1450,1460,1425,1430,9378600,13463473000,1717
546,2021-09-17,1440,1460,1435,1450,30924100,44797025000,3481
547,2021-09-16,1490,1490,1440,1440,24009000,34820478000,3843
548,2021-09-15,1480,1490,1450,1490,19610700,29018029500,3220
549,2021-09-14,1445,1480,1445,1480,23492600,34448047000,3629
550,2021-09-13,1460,1470,1440,1470,8362500,12219987000,1796
551,2021-09-10,1490,1495,1460,1470,21709100,31963205500,4219
552,2021-09-09,1460,1490,1440,1490,42971600,63244588500,7265
553,2021-09-08,1460,1465,1410,1460,41785000,59882621500,5699
554,2021-09-07,1480,1480,1455,1460,16775400,24564147500,4823
555,2021-09-06,1440,1495,1415,1480,57271900,84195111000,8239
556,2021-09-03,1385,1440,1365,1440,49704400,70382651000,7345
557,2021-09-02,1365,1385,1345,1385,11738400,16047175500,2729
558,2021-09-01,1345,1375,1345,1365,31866400,43491579000,3687
559,2021-08-31,1395,1395,1335,1345,93408300,125734015500,6071
560,2021-08-30,1370,1395,1365,1395,49180500,67904638500,7295
561,2021-08-27,1345,1365,1330,1365,24342500,32867565500,5313
562,2021-08-26,1340,1345,1315,1345,23005600,30649186000,5352
563,2021-08-25,1305,1340,1290,1340,30449300,40319383000,5018
564,2021-08-24,1300,1305,1280,1295,23528300,30484290000,2920
565,2021-08-23,1275,1305,1275,1300,22388600,28995655500,3399
566,2021-08-20,1255,1300,1250,1295,23424000,30036528000,3470
567,2021-08-19,1300,1300,1240,1250,31387700,39582049500,7260
568,2021-08-18,1300,1310,1285,1310,25693500,33379123500,4687
569,2021-08-16,1305,1305,1280,1300,11843300,15275898000,2466
570,2021-08-13,1295,1305,1290,1300,22061200,28622817000,2932
571,2021-08-12,1305,1310,1270,1290,40262100,51983625000,6397
572,2021-08-10,1255,1305,1250,1305,55389800,71422448500,7366
573,2021-08-09,1300,1300,1240,1240,46508600,58497944000,7053
574,2021-08-06,1305,1305,1270,1270,38165500,48660461500,7340
575,2021-08-05,1310,1345,1290,1295,33208700,43355891000,5837
576,2021-08-04,1315,1325,1300,1305,16906900,22123679500,3022
577,2021-08-03,1310,1330,1310,1315,32658700,43151941000,7097
578,2021-08-02,1280,1315,1280,1305,55975500,72846111000,13812
579,2021-07-30,1305,1315,1260,1260,49489900,63691020000,5609
580,2021-07-29,1315,1320,1295,1295,39331900,51153157500,5176
581,2021-07-28,1340,1345,1310,1315,17882100,23594439000,3786
582,2021-07-27,1365,1365,1330,1340,23973200,32269070000,3407
583,2021-07-26,1350,1365,1345,1345,27036000,36569593000,4778
584,2021-07-23,1360,1365,1340,1345,17402300,23518090500,2610
585,2021-07-22,1350,1360,1350,1355,12050700,16312963000,2108
586,2021-07-21,1390,1395,1345,1350,31672600,43063566000,4413
587,2021-07-19,1390,1410,1365,1390,24056800,33368375000,4105
588,2021-07-16,1365,1390,1355,1390,22813100,31310048500,4017
589,2021-07-15,1370,1370,1345,1365,21126700,28723763000,4124
590,2021-07-14,1335,1370,1305,1365,34479500,46383438500,4692
591,2021-07-13,1340,1350,1325,1330,20606700,27549694500,3633
592,2021-07-12,1330,1350,1330,1335,34874000,46721363000,4858
593,2021-07-09,1325,1335,1320,1320,19171100,25396230500,4367
594,2021-07-08,1355,1355,1320,1325,32821200,43704669000,6311
595,2021-07-07,1375,1375,1340,1355,26750100,36231291500,5379
596,2021-07-06,1390,1400,1370,1370,21419400,29522677000,4806
597,2021-07-05,1400,1420,1370,1390,22506700,31393584000,4489
598,2021-07-02,1405,1420,1395,1400,12907400,18116642000,3111
599,2021-07-01,1400,1420,1385,1400,19917700,27896384000,4380
600,2021-06-30,1390,1415,1380,1400,28588600,39980366000,4302
601,2021-06-29,1385,1420,1375,1375,34027000,47394165500,6036
602,2021-06-28,1370,1405,1370,1375,36530100,50592288500,5573
603,2021-06-25,1380,1420,1345,1355,49431500,67708469500,5961
604,2021-06-24,1360,1380,1355,1370,28444200,38944212500,3192
605,2021-06-23,1420,1425,1355,1360,31460400,43504572000,6800
606,2021-06-22,1480,1515,1420,1420,67090200,97288038500,14956
607,2021-06-21,1310,1525,1280,1480,220726700,323809971000,34032
608,2021-06-18,1400,1405,1315,1360,97394900,131398908000,8116
609,2021-06-17,1425,1435,1405,1405,21227200,29986679500,3260
610,2021-06-16,1445,1450,1425,1425,12235400,17544181000,2191
611,2021-06-15,1445,1450,1430,1450,23112800,33397222000,2282
612,2021-06-14,1440,1455,1430,1435,18638300,26746166000,1994
613,2021-06-11,1440,1450,1435,1450,14598700,21059097500,2786
614,2021-06-10,1440,1450,1430,1440,20588200,29656039000,3016
615,2021-06-09,1450,1460,1435,1440,13979800,20165141500,2431
616,2021-06-08,1460,1470,1440,1450,17121600,24841632500,2790
617,2021-06-07,1485,1495,1460,1495,16701100,24665786500,2519
618,2021-06-04,1500,1500,1455,1485,23701700,34925797500,4100
619,2021-06-03,1450,1500,1445,1500,44274700,65425090000,6564
620,2021-06-02,1455,1460,1435,1445,30212300,43651410500,5105
621,2021-05-31,1445,1450,1420,1450,24095700,34549961500,4400
622,2021-05-28,1430,1440,1415,1440,24377200,34817646500,4394
623,2021-05-27,1460,1465,1420,1420,162541000,231545331500,10650
624,2021-05-25,1450,1465,1440,1460,22179100,32184666000,4480
625,2021-05-24,1475,1475,1450,1450,9693700,14114570000,2485
626,2021-05-22,0,1620,1500,1620,205000,324456000,36
627,2021-05-21,1465,1475,1450,1470,10921100,15989990500,3484
628,2021-05-20,1440,1480,1440,1460,26107300,38161213000,5696
629,2021-05-19,1445,1450,1430,1445,22644700,32595378500,4334
630,2021-05-18,1450,1465,1435,1450,18704800,27109078500,3779
631,2021-05-17,1455,1465,1440,1460,31595500,45829713500,4466
632,2021-05-11,1470,1475,1440,1445,23113700,33477338500,3927
633,2021-05-10,1465,1470,1450,1470,18464900,26973252000,3337
634,2021-05-07,1450,1465,1445,1460,20893200,30342295000,2628
635,2021-05-06,1450,1460,1445,1460,26802700,38944148500,3686
636,2021-05-05,1470,1475,1445,1445,18379900,26616994000,3753
637,2021-05-04,1445,1475,1440,1470,16904400,24684926500,2941
638,2021-05-03,1450,1465,1430,1435,15108800,21827307000,4093
639,2021-04-30,1470,1475,1440,1440,33231500,48160174000,5822
640,2021-04-29,1470,1480,1465,1470,10495400,15438034000,2283
641,2021-04-28,1470,1480,1470,1470,19011800,27997572500,2947
642,2021-04-27,1485,1495,1475,1475,18573600,27539762000,4317
643,2021-04-26,1490,1500,1485,1485,10788100,16062904500,2240
644,2021-04-23,1490,1505,1490,1500,15203100,22756493000,2794
645,2021-04-22,1505,1510,1490,1490,11533000,17218126500,2344
646,2021-04-21,1495,1505,1495,1495,8530700,12779515500,1977
647,2021-04-20,1495,1510,1485,1495,14811000,22155847000,3715
648,2021-04-19,1500,1500,1490,1495,9322500,13926457500,1757
649,2021-04-16,1505,1510,1485,1495,25365600,37869169500,4318
650,2021-04-15,1495,1515,1485,1515,15550100,23357422000,2858
651,2021-04-14,1485,1500,1485,1495,23625400,35205512500,3513
652,2021-04-13,1510,1510,1485,1490,22230800,33220558000,3508
653,2021-04-12,1550,1550,1510,1510,14682200,22353106000,3484
654,2021-04-09,1570,1570,1535,1550,28744400,44594132000,3912
655,2021-04-08,1550,1570,1550,1565,17501800,27283027500,2962
656,2021-04-07,1560,1560,1545,1550,15104900,23462118000,2812
657,2021-04-06,1550,1565,1545,1555,23411100,36358567000,2741
658,2021-04-05,1565,1580,1550,1550,14155000,22066733000,3207
659,2021-04-01,1570,1570,1540,1550,17604600,27268948000,3594
660,2021-03-31,1540,1570,1515,1570,22300400,34404467000,3794
661,2021-03-30,1550,1570,1530,1540,23063900,35658722000,3765
662,2021-03-29,1580,1585,1530,1540,30661700,47536496500,5050
663,2021-03-26,1590,1590,1560,1580,11780400,18533605500,3057
664,2021-03-25,1525,1595,1520,1590,36607700,57291297000,4925
665,2021-03-24,1570,1570,1520,1525,34585300,53145777500,5336
666,2021-03-23,1595,1600,1555,1575,37466600,59156753000,4597
667,2021-03-22,1625,1635,1590,1600,29442900,47196995500,4829
668,2021-03-19,1575,1625,1565,1605,99339900,159264106000,7055
669,2021-03-18,1600,1605,1570,1575,19222800,30432657000,4190
670,2021-03-17,1595,1610,1590,1590,30764600,49083025500,3975
671,2021-03-16,1590,1595,1575,1585,22390500,35475246000,6545
672,2021-03-15,1605,1615,1580,1585,43715300,69567681500,4957
673,2021-03-12,1590,1615,1585,1595,71273800,113946542500,10738
674,2021-03-10,1560,1590,1550,1585,40133700,63150659500,7368
675,2021-03-09,1560,1565,1535,1545,38671000,59889674000,5947
676,2021-03-08,1555,1570,1550,1555,31401200,48970712000,6264
677,2021-03-05,1555,1560,1545,1555,35614600,55309133500,5093
678,2021-03-04,1550,1575,1530,1555,67889800,105844774500,10118
679,2021-03-03,1560,1565,1530,1550,48819600,75522789500,6076
680,2021-03-02,1530,1570,1520,1550,58307000,90024930000,8976
681,2021-03-01,1490,1525,1485,1520,58528000,88267330500,9834
682,2021-02-26,1490,1515,1470,1470,133986100,198205069000,9856
683,2021-02-25,1515,1525,1500,1500,52390100,78842332500,10034
684,2021-02-24,1540,1550,1500,1505,72954800,110566241000,11457
685,2021-02-23,1565,1570,1535,1540,34042400,52743717000,9404
686,2021-02-22,1595,1605,1560,1570,66610200,105405244500,12092
687,2021-02-19,1515,1610,1515,1585,152425200,241117551500,22687
688,2021-02-18,1525,1525,1490,1490,34834700,52345322000,7615
689,2021-02-17,1525,1530,1500,1515,32963400,49886367500,6439
690,2021-02-16,1540,1540,1515,1525,15732600,23987796500,4427
691,2021-02-15,1535,1545,1520,1525,21673000,33234651500,4646
692,2021-02-11,1530,1535,1505,1525,27319000,41448358500,4604
693,2021-02-10,1520,1535,1505,1525,25973600,39435945500,5354
694,2021-02-09,1590,1590,1500,1520,48636900,74748311000,9108
695,2021-02-08,1595,1605,1555,1570,30326700,47731414500,6572
696,2021-02-05,1570,1595,1540,1590,45768600,71728908500,6272
697,2021-02-04,1580,1590,1530,1545,41055300,64194567500,6829
698,2021-02-03,1525,1575,1525,1560,58843900,91661896500,9550
699,2021-02-02,1510,1560,1490,1520,73428200,111754648000,11262
700,2021-02-01,1450,1515,1420,1490,71988500,105934436000,10645
701,2021-01-29,1525,1550,1455,1465,79625700,118284573500,9945
702,2021-01-28,1500,1565,1485,1515,80221200,122597810000,10335
703,2021-01-27,1545,1560,1480,1510,73126300,110957474500,9636
704,2021-01-26,1605,1620,1535,1545,79451300,124913971000,10211
705,2021-01-25,1615,1620,1535,1605,70622700,111547366000,8436
706,2021-01-22,1665,1680,1595,1615,102447800,166861515500,13000
707,2021-01-21,1600,1700,1595,1655,161395300,267751438500,19958
708,2021-01-20,1650,1650,1570,1590,60163400,96507687500,10867
709,2021-01-19,1670,1680,1585,1585,83675200,134471893000,11968
710,2021-01-18,1655,1720,1620,1660,215422400,360612592500,19849
711,2021-01-15,1625,1680,1620,1645,215382800,354754615000,24243
712,2021-01-14,1565,1640,1500,1595,272061900,429934869500,38743
713,2021-01-13,1700,1715,1565,1565,318606200,510660424000,51278
714,2021-01-12,1800,1960,1675,1680,730883800,1318396937500,117881
715,2021-01-11,1495,1835,1495,1760,563868500,974507052500,70645
716,2021-01-08,1500,1500,1485,1495,26719000,39894961500,5280
717,2021-01-07,1515,1535,1485,1485,42590000,64056458000,8131
718,2021-01-06,1470,1510,1455,1500,71557400,105992661000,8678
719,2021-01-05,1475,1485,1460,1470,34835700,51170695000,5942
720,2021-01-04,1500,1500,1470,1475,20906300,30891897500,4282
721,2020-12-30,1490,1500,1475,1480,24632300,36558438500,3212
722,2020-12-29,1500,1505,1475,1490,26060300,38848509500,3625
723,2020-12-28,1465,1505,1455,1500,28002400,41571568000,5291
724,2020-12-23,1520,1525,1455,1465,40311000,59292363000,6180
725,2020-12-22,1540,1545,1500,1505,46819400,71232424500,5642
726,2020-12-21,1545,1555,1530,1545,60691700,93723852500,6978
727,2020-12-18,1540,1550,1520,1540,55796800,85472756500,6790
728,2020-12-17,1550,1570,1530,1540,99783300,154911059500,10370
729,2020-12-16,1495,1590,1480,1545,152710000,233997286500,17932
730,2020-12-15,1485,1490,1470,1485,23441200,34631947000,3961
731,2020-12-14,1465,1485,1460,1485,25148000,37103579000,4666
732,2020-12-11,1490,1490,1465,1465,40746500,60045328500,5967
733,2020-12-10,1490,1500,1475,1480,50894900,75519522000,7144
734,2020-12-08,1500,1505,1470,1475,61017900,90548142000,9850
735,2020-12-07,1500,1515,1480,1485,65984300,98689291500,11958
736,2020-12-04,1465,1490,1455,1475,33404600,49277221500,4668
737,2020-12-03,1500,1505,1455,1465,71615300,105368035000,13114
738,2020-12-02,1500,1500,1475,1495,45553200,67989815000,6819
739,2020-12-01,1505,1510,1465,1485,46698600,69390670500,7299
740,2020-11-30,1490,1505,1440,1505,146595800,217900871000,12347
741,2020-11-27,1500,1500,1480,1480,40326700,59904709500,6983
742,2020-11-26,1475,1490,1470,1490,31101300,46061940500,6407
743,2020-11-25,1485,1490,1470,1470,32909400,48665132500,5892
744,2020-11-24,1495,1505,1480,1485,55053900,81923274000,9405
745,2020-11-23,1495,1505,1490,1495,33386700,49988452500,5497
746,2020-11-20,1505,1510,1495,1495,18059200,27076502500,3515
747,2020-11-19,1505,1510,1495,1495,33518700,50281714500,4875
748,2020-11-18,1505,1515,1495,1505,35735900,53678938500,6268
749,2020-11-17,1505,1510,1495,1500,33292200,50000547000,5768
750,2020-11-16,1505,1515,1480,1490,33134800,49447960500,6481
751,2020-11-13,1490,1495,1485,1495,12767200,19036767000,4231
752,2020-11-12,1475,1495,1475,1485,38384100,57097053000,5907
753,2020-11-11,1520,1520,1470,1470,63661600,94259715500,11306
754,2020-11-10,1530,1545,1490,1495,62694100,94555715500,9260
755,2020-11-09,1515,1520,1470,1480,68198900,101427326500,10156
756,2020-11-06,1510,1530,1500,1515,52447500,79555165000,6865
757,2020-11-05,1490,1510,1475,1500,45161400,67606861000,6312
758,2020-11-04,1475,1490,1455,1455,38146400,55997962000,6106
759,2020-11-03,1500,1505,1465,1475,42358100,62511122000,7499
760,2020-11-02,1530,1535,1475,1495,58395800,87322388000,9672
761,2020-10-27,1545,1555,1515,1525,35680300,54567970000,5319
762,2020-10-26,1590,1590,1540,1545,29947600,46557246500,5906
763,2020-10-23,1590,1590,1570,1585,13897500,21956628000,2375
764,2020-10-22,1570,1580,1565,1580,22801100,35938852000,3563
765,2020-10-21,1575,1575,1565,1565,18320700,28730356500,3462
766,2020-10-20,1580,1595,1560,1565,31977500,50356189500,4574
767,2020-10-19,1570,1585,1555,1570,27999500,43985988500,3438
768,2020-10-16,1555,1565,1540,1550,20957300,32465299000,3860
769,2020-10-15,1590,1595,1560,1560,23355700,36643622000,5104
770,2020-10-14,1585,1605,1565,1590,38990400,61758656000,6468
771,2020-10-13,1580,1585,1565,1585,15181500,23947700000,2718
772,2020-10-12,1585,1595,1565,1580,18457000,29170188000,3546
773,2020-10-09,1585,1590,1565,1570,14912300,23446588500,3042
774,2020-10-08,1590,1600,1565,1600,16693400,26457999500,4288
775,2020-10-07,1565,1590,1560,1590,18601400,29315466500,3134
776,2020-10-06,1580,1580,1560,1565,14093100,22098265000,2522
777,2020-10-05,1580,1600,1560,1565,14393000,22635580500,3539
778,2020-10-02,1620,1625,1545,1570,37452400,59173987500,7304
779,2020-10-01,1600,1650,1600,1610,84701900,137714938500,11623
780,2020-09-30,1515,1580,1515,1550,30404800,47130514500,4600
781,2020-09-29,1530,1560,1510,1510,22775100,34757996000,4031
782,2020-09-28,1580,1585,1525,1525,17599100,27225390500,4051
783,2020-09-25,1520,1585,1495,1580,35804500,55943168500,6737
784,2020-09-24,1500,1520,1475,1515,23564800,35252214000,3425
785,2020-09-23,1465,1530,1460,1530,26996700,40507660000,4837
786,2020-09-22,1460,1480,1440,1455,30309700,44255321500,4388
787,2020-09-21,1545,1545,1485,1500,13841800,20884336000,4121
788,2020-09-18,1520,1545,1500,1545,27388900,41894900000,4051
789,2020-09-17,1540,1555,1495,1515,18504500,27953184000,4303
790,2020-09-16,1545,1565,1525,1540,9081800,13951566000,4318
791,2020-09-15,1590,1590,1535,1545,26859400,41690624500,6068
792,2020-09-14,1590,1600,1570,1590,29711700,47073672500,3643
793,2020-09-11,1420,1580,1410,1575,38160300,58984914000,6016
794,2020-09-10,1550,1550,1470,1480,82214600,122263394000,7364
795,2020-09-09,1580,1585,1550,1555,28690100,45096664500,3906
796,2020-09-08,1600,1600,1580,1580,9604300,15217605500,2158
797,2020-09-07,1585,1600,1575,1600,17009800,27071278500,2773
798,2020-09-04,0,1595,1555,1590,33556900,53205909500,5790
799,2020-09-03,0,1610,1585,1595,24605200,39180161000,3246
800,2020-09-02,0,1610,1585,1600,22441400,35758948000,2409
801,2020-09-01,0,1605,1580,1595,17692900,28133168500,4248
802,2020-08-31,0,1615,1580,1580,46202700,73508165500,3847
803,2020-08-28,0,1625,1600,1610,16439300,26440537500,2314
804,2020-08-27,0,1620,1600,1615,22442600,36132896000,2798
805,2020-08-26,0,1625,1590,1590,31078500,49678653000,5693
806,2020-08-25,0,1620,1595,1620,40737100,65721590000,4087
807,2020-08-24,0,1620,1585,1600,24237900,38737350500,5321
808,2020-08-19,0,1630,1605,1605,24769400,39890443500,4313
809,2020-08-18,0,1630,1605,1620,35788100,57981473000,6577
810,2020-08-14,0,1630,1615,1625,30761900,49923375000,3541
811,2020-08-13,0,1625,1610,1625,45146800,73126916500,5269
812,2020-08-12,0,1620,1600,1615,46451800,74845328500,5337
813,2020-08-11,0,1620,1600,1600,21846900,35062620000,3719
814,2020-08-10,0,1615,1585,1610,34923100,56126700000,5569
815,2020-08-07,0,1610,1575,1580,32217900,51054040000,7789
816,2020-08-06,0,1635,1600,1600,93925600,151569285500,9321
817,2020-08-05,0,1640,1560,1615,118886200,192045845000,13587
818,2020-08-04,0,1585,1560,1575,37390200,58805509500,6037
819,2020-08-03,0,1585,1470,1560,87572700,134290055000,13757
820,2020-07-30,0,1575,1530,1565,104773100,163649058500,11728
821,2020-07-29,0,1555,1515,1525,87768200,134711579000,8589
822,2020-07-28,0,1570,1510,1515,72817700,111218593000,10144
823,2020-07-27,0,1610,1530,1550,108755400,169406812500,11873
824,2020-07-24,0,1635,1510,1570,210299200,333207021000,23267
825,2020-07-23,0,1655,1575,1615,378713700,614970919000,35870
826,2020-07-22,0,1640,1520,1575,365930700,578827453000,36784
827,2020-07-21,0,1695,1475,1520,420160800,662587810500,45634
828,2020-07-20,0,1485,1465,1485,19394400,28694762500,3704
829,2020-07-17,0,1500,1450,1465,17736000,26172868500,3230
830,2020-07-16,0,1520,1470,1485,24543800,36522098000,5063
831,2020-07-15,0,1525,1505,1510,26236800,39749766000,4308
832,2020-07-14,0,1510,1460,1505,31936900,47806718000,6254
833,2020-07-13,0,1495,1455,1460,18842500,27647439000,3686
834,2020-07-10,0,1530,1470,1470,31067400,46159202000,5813
835,2020-07-09,0,1540,1510,1530,33397400,50961101000,4043
836,2020-07-08,0,1525,1500,1520,18521200,28119212500,3240
837,2020-07-07,0,1545,1495,1515,25055700,38010739000,6135
838,2020-07-06,0,1530,1490,1530,31247600,47233347000,4771
839,2020-07-03,0,1510,1480,1495,9003800,13440010500,1988
840,2020-07-02,0,1500,1460,1495,31753200,47262159500,4354
841,2020-07-01,0,1480,1455,1465,15494600,22690744500,3621
842,2020-06-30,0,1480,1435,1460,39455800,57714040500,3821
843,2020-06-29,0,1455,1430,1440,13293100,19116075500,2145
844,2020-06-26,0,1460,1430,1445,14323700,20631134000,2395
845,2020-06-25,0,1465,1430,1455,8121400,11716073000,2847
846,2020-06-24,0,1460,1430,1460,13277500,19211573000,2672
847,2020-06-23,0,1470,1430,1435,12054700,17396748500,3320
848,2020-06-22,0,1490,1440,1470,20082300,29392992500,4109
849,2020-06-19,0,1460,1400,1460,48608900,70184506500,4182
850,2020-06-18,0,1440,1400,1410,24563000,34841791500,2999
851,2020-06-17,0,1450,1420,1430,32750200,46842282000,3003
852,2020-06-16,0,1445,1415,1425,18727900,26687930000,4590
853,2020-06-15,0,1420,1360,1405,25094000,35144617000,5413
854,2020-06-12,0,1420,1350,1380,41876600,57618056000,6712
855,2020-06-11,0,1490,1405,1420,27319800,39316652000,7244
856,2020-06-10,0,1520,1400,1470,61440900,90136358500,7887
857,2020-06-09,0,1450,1400,1410,28018500,39919866000,5005
858,2020-06-08,0,1440,1415,1425,23174600,33020668000,4347
859,2020-06-05,0,1430,1385,1410,22870400,32265049500,2963
860,2020-06-04,0,1440,1400,1410,34757300,49074685000,4570
861,2020-06-03,0,1425,1385,1415,62660000,88333376500,5327
862,2020-06-02,0,1425,1320,1385,63506700,87768600000,9000
863,2020-05-29,0,1460,1355,1415,206001100,291601276500,15706
864,2020-05-28,0,1365,1315,1355,35733300,48118374500,5930
865,2020-05-27,0,1340,1310,1320,22108500,29292331500,5193
866,2020-05-26,0,1360,1320,1325,35300400,47010110000,6164
867,2020-05-20,0,1400,1315,1340,50884000,67874119000,6064
868,2020-05-19,0,1405,1380,1390,38331600,53523338000,5778
869,2020-05-18,0,1400,1380,1400,17406600,24282949500,2479
870,2020-05-15,0,1400,1370,1400,25213800,35195045000,2786
871,2020-05-14,0,1400,1370,1400,35697000,49863272000,5781
872,2020-05-13,0,1405,1355,1400,20203800,28109900000,3290
873,2020-05-12,0,1420,1360,1385,30687000,42554742500,4948
874,2020-05-11,0,1415,1385,1385,33331300,46807103500,3961
875,2020-05-08,0,1440,1380,1400,37146000,52008127500,4177
876,2020-05-06,0,1415,1360,1405,55190700,77315479000,7393
877,2020-05-05,0,1420,1355,1360,17606400,24148424000,5446
878,2020-05-04,0,1425,1350,1380,46895400,64893360500,7247
879,2020-04-30,0,1500,1415,1440,53666000,77521335000,7447
880,2020-04-29,0,1480,1445,1470,52010200,75902546000,7643
881,2020-04-28,0,1445,1320,1445,61167100,84872527500,9346
882,2020-04-27,0,1330,1255,1330,38936000,50395754000,5891
883,2020-04-24,0,1265,1245,1255,43175900,54255652500,4154
884,2020-04-23,0,1285,1230,1265,51439800,65160684000,9207
885,2020-04-22,0,1290,1180,1250,66130900,82632665500,9544
886,2020-04-21,0,1225,1155,1210,34694200,41627490000,6033
887,2020-04-20,0,1235,1185,1200,44882900,54052846000,5631
888,2020-04-17,0,1210,1170,1195,70564600,84612475500,7768
889,2020-04-16,0,1210,1135,1145,42548300,49116864000,5608
890,2020-04-15,0,1245,1185,1210,50981100,61812891500,7422
891,2020-04-14,0,1190,1110,1185,42772000,49631018000,6796
892,2020-04-13,0,1165,1100,1100,39794600,44552374000,5614
893,2020-04-09,0,1175,1085,1140,58108500,65582947500,6420
894,2020-04-08,0,1230,1145,1145,57568300,67380464500,8343
895,2020-04-07,0,1310,1190,1230,68562800,83598427000,9594
896,2020-04-06,0,1290,1225,1270,35382900,44147868000,6734
897,2020-04-03,0,1300,1230,1250,59542900,74747995000,8613
898,2020-04-02,0,1285,1110,1285,63583600,76987285000,9330
899,2020-04-01,0,1290,1150,1165,111236300,134485162500,13026
900,2020-03-31,0,1235,1055,1200,104586800,122578277500,14322
901,2020-03-30,0,1055,940,1045,59372100,59447809000,9227
902,2020-03-27,0,1160,960,1010,180228800,186153253000,21776
903,2020-03-26,0,1025,830,950,114141000,108513828000,14650
904,2020-03-24,0,950,855,865,64666100,57922037000,9690
905,2020-03-23,0,980,915,915,40907000,37958193500,6742
906,2020-03-20,0,990,915,980,83889600,80942461500,8799
907,2020-03-19,0,1055,975,975,40775100,40048686000,4782
908,2020-03-18,0,1080,1000,1045,56301900,58428878000,8275
909,2020-03-17,0,1045,955,995,72013900,71653427500,8096
910,2020-03-16,0,1125,995,1000,59267400,62033287000,9884
911,2020-03-13,0,1110,975,1040,50445900,51156321000,7095
912,2020-03-12,1080,1085,1040,1045,23037600,24392438000,3515
913,2020-03-11,1165,1180,1100,1115,35408000,39856890500,5249
914,2020-03-10,1145,1210,1145,1155,38897600,45541457500,6374
915,2020-03-09,1220,1220,1140,1140,48812000,56918932000,5017
916,2020-03-06,1325,1325,1235,1235,25366200,32110383000,4616
917,2020-03-05,1300,1340,1295,1330,38274500,50709237000,5044
918,2020-03-04,1210,1290,1210,1275,30659400,38848466000,4777
919,2020-03-03,1215,1235,1205,1210,34175900,41542704000,4648
920,2020-03-02,1220,1265,1185,1195,31720700,38429345500,5778
921,2020-02-28,1215,1225,1175,1220,44307700,53099046500,5443
922,2020-02-27,1290,1295,1210,1250,39329700,49235578000,4866
923,2020-02-26,1290,1330,1270,1285,47271500,61259225000,4854
924,2020-02-25,1340,1400,1295,1295,23418400,30886065500,6165
925,2020-02-24,1360,1390,1340,1355,21385300,29090008500,3823
926,2020-02-21,1420,1425,1365,1365,30858700,42520655000,3270
927,2020-02-20,1450,1465,1400,1420,13565400,19279614500,2709
928,2020-02-19,1400,1455,1400,1435,13279400,18945456000,2192
929,2020-02-18,1390,1475,1390,1395,22990100,32713240000,4383
930,2020-02-17,1390,1405,1375,1390,5852800,8150016000,1375
931,2020-02-14,1370,1400,1360,1390,10208800,14191937500,2130
932,2020-02-13,1410,1410,1360,1370,29853100,40949013500,2825
933,2020-02-12,1450,1450,1405,1410,40079300,56803963500,4820
934,2020-02-11,1480,1480,1450,1460,6665900,9745683000,1513
935,2020-02-10,1485,1485,1450,1480,16341600,24119112000,1476
936,2020-02-07,1460,1485,1460,1470,12388300,18270211000,1942
937,2020-02-06,1485,1485,1455,1460,16990900,24938996500,2612
938,2020-02-05,1480,1485,1470,1485,14550100,21541871500,2801
939,2020-02-04,1480,1490,1470,1480,16757500,24792149000,3366
940,2020-02-03,1410,1485,1410,1470,15229400,22376484500,3260
941,2020-01-31,1535,1535,1430,1430,36468300,53172185000,4346
942,2020-01-30,1525,1545,1510,1515,12903500,19686059500,2116
943,2020-01-29,1505,1535,1490,1525,12069700,18371089000,3289
944,2020-01-28,1520,1520,1485,1500,15578300,23348753500,2852
945,2020-01-27,1540,1560,1510,1520,10525000,16034581500,1768
946,2020-01-24,1560,1570,1540,1540,13044800,20237847500,1698
947,2020-01-23,1590,1590,1555,1575,14530800,22823880000,2206
948,2020-01-22,1610,1620,1570,1590,12417900,19686046000,2604
949,2020-01-21,1630,1635,1605,1610,4057400,6563068000,1574
950,2020-01-20,1615,1635,1580,1620,8492800,13689950000,2072
951,2020-01-17,1665,1665,1600,1615,26629600,43159729500,5270
952,2020-01-16,1585,1680,1565,1665,29672400,47800449000,5157
953,2020-01-15,1585,1590,1560,1580,23321300,36684367000,3348
954,2020-01-14,1610,1610,1565,1585,24032800,38117624000,3927
955,2020-01-13,1590,1615,1590,1600,12854000,20562692500,2229
956,2020-01-10,1600,1615,1580,1600,15949700,25559018500,2603
957,2020-01-09,1585,1600,1570,1600,13555900,21540813500,2174
958,2020-01-08,1595,1615,1585,1585,11666700,18641071000,2342
959,2020-01-07,1635,1635,1600,1635,17153100,27807842500,2650
960,2020-01-06,1630,1640,1615,1640,10231400,16713350000,2242
961,2020-01-03,1620,1635,1610,1635,20606000,33601950500,3253
962,2020-01-02,1620,1635,1600,1615,14075700,22842315000,1530
